"","id","created_time","snippet","headline","news_desk","company_name"
"1",1,"2008-12-08T05:00:00+0000","","3M cuts 1,800 jobs","IHT News","3M"
"2",2,"2008-07-24T05:00:00+0000","","3M beats expectations with 3% rise","IHT News","3M"
"3",3,"2008-01-30T05:00:00+0000","MINNEAPOLIS (AP) — The 3M Company, which makes Scotch tape, Post-it notes and industrial adhesives, posted lower fourth-quarter earnings on Tuesday, compared with the quarter a year ago, which included a one-time gain.","3M’s Profit Falls After a 2006 Gain","Business","3M"
"4",4,"2008-12-11T18:37:25+0000","David Pogue reviews two new small video projectors, the 3M and Aiptek.","The New World of Pocket Projectors","","3M"
"5",5,"2008-12-11T18:13:13+0000","David Pogue reviews two new small video projectors, the 3M and Aiptek.","The New World of Pocket Projectors","Business","3M"
"6",6,"2008-06-13T04:00:00+0000","The organization’s first national marketing campaign, Red Cross Racing, aims to turn the more than 75 million fans of the Nascar circuit into regular blood donors.","Red Cross Reaches Out to Nascar","Business","3M"
"7",7,"2008-06-13T04:00:00+0000","The American Red Cross is finding that a little corporate sponsorship — plus a few freebies — helps to coax people to roll up their sleeves.","National Red Cross Campaign Begins as a Logo on a Stock Car","Business","3M"
"8",8,"2008-08-16T01:34:11+0000","Brian Vickers’s lap of 188.536 miles an hour in Nascar Sprint Cup qualifying at Michigan International Speedway put him on the pole for Sunday’s 3M Performance 400. It was the fifth career pole for Vickers, but the first for his team and his first...","Vickers Takes Pole at Michigan Speedway","Sports","3M"
"9",9,"2008-08-09T05:52:33+0000","Jenna Rebecca Steinhauer, a daughter of Ilene J. Steinhauer and Glenn J. Steinhauer of East Setauket, N.Y., was married on Saturday to Clinton Graydon Wallace, a son of Raven S. McCrory of East Lansing, Mich., and Bruce T. Wallace of Ann Arbor, Mi...","Jenna Steinhauer, Clinton Wallace","Society","3M"
"10",10,"2008-10-20T00:47:47+0000","Economic events for the week of Oct. 20, 2008.","Looking Ahead","Business","3M"
"11",1,"2008-07-20T04:00:00+0000","Megan Lucas Wallace, a daughter of Kathleen M. Lucas of Mill Valley, Calif., and the late George B. Wallace, who lived in Ross, Calif., was married on Saturday to Mark Howard Udis, a son of Ann L. Udis and Dr. Gary A. Udis of Fort Washington, Pa. ...","Megan Wallace, Mark Udis","Society","3M"
"12",2,"2008-02-12T05:00:00+0000","","U.S. stocks rally on Buffett's offer","IHT News","3M"
"13",3,"2008-04-16T05:00:00+0000","","Water purification companies draw investors' interest","IHT News","3M"
"14",4,"2008-12-26T17:31:59+0000","In the race to make the lithium-ion batteries that will run the electric cars of the future, the United States is losing to Asian countries, and start-ups and big companies need to band together to build a lithium-ion battery industry in the Unite...","Electric-Car Battery Makers Seek Federal Funds","","3M"
"15",5,"2008-09-29T17:26:06+0000","It isn’t describing what’s really happening with stocks.","Don’t Be Fooled by the Dow","Business","3M"
"16",6,"2008-09-06T02:45:50+0000","","Why Not ‘Stuck on You’ on the Soundtrack?","Media","3M"
"17",7,"2008-01-28T05:00:00+0000","A big week for economic news will be led off by the Federal Reserve’s announcement on interest rates on Wednesday.","This Week’s Economic Reports","Business","3M"
"18",8,"2008-12-08T03:58:04+0000","Economic events for the week of Dec. 8, 2008.","Looking Ahead","Business","3M"
"19",9,"2008-03-30T04:00:00+0000","Tired of hearing other people’s cellphone conversations? Soon you may have to watch their favorite television shows and YouTube videos, too.","Coming Soon, to Any Flat Surface Near You","SundayBusiness","3M"
"20",10,"2008-01-29T05:00:00+0000","","U.S. stocks gain as Fed opens meeting","IHT News","3M"
"21",1,"2008-02-27T19:51:08+0000","Australian broadcasters explore how drug firms influence continuing medical education.","Guess Who’s Educating Your Doctor?","Science","3M"
"22",2,"2008-07-27T15:17:26+0000","","In the news, designer cities; villas in Ibiza; U.K. mortgage woes; new Shanghai luxury market study","","3M"
"23",3,"2008-04-21T04:00:00+0000","ECONOMIC REPORTS It is a slow week for economic news, though there will be updates on the housing market with reports on existing home sales for March on Tuesday and new-home sales for March on Thursday.","The Week’s Major Economic Reports","Business","3M"
"24",4,"2008-06-08T16:26:43+0000","","News Roundup: Estate agency job cuts; Led Zeppelin’s birthplace; Spain construction hits brakes","","3M"
"25",5,"2008-05-14T05:00:00+0000","","U.S. stocks rally as a tame U.S. inflation report eased worries on rising rates","IHT News","3M"
"26",6,"2008-08-08T05:00:00+0000","","U.S. stocks post largest weekly gain since April","IHT News","3M"
"27",7,"2008-02-02T05:00:00+0000","By Thursday night, when Trio M made their New York stand in the mezzanine lounge of the Kitano Hotel, their rapport felt noticeably deeper than on the record, and the music covered a broader dynamic range.","Honoring Jazz Greats, Not Repeating Them","Culture","3M"
"28",8,"2008-10-26T05:00:00+0000","","From a strip of Scotch tape, X-rays","IHT News","3M"
"29",9,"2008-10-23T22:24:28+0000","In a tour de force of office supply physics, researchers have shown that it is possible to produce X-rays by simply unrolling Scotch tape.","Scotch Tape Unleashes X-Ray Power","Science","3M"
"30",10,"2008-12-26T12:15:06+0000","An alliance of big companies and start-ups wants Congress to give it at least $1 billion to support U.S. lithium-ion battery production for electric cars.","Electric-Car Battery Makers Seek Federal Funds","Business","3M"
"31",1,"2008-12-16T16:43:16+0000","The 30-day pilot program covers some subway windows on A train cars with red Coca-Cola signs. Transit officials say the ads deter scratched graffiti.","Subway Window Ads Alarm Some Riders","Metro","3M"
"32",2,"2008-12-16T16:56:07+0000","The 30-day pilot program covers some subway windows on A train cars with red Coca-Cola signs. Transit officials say the ads deter scratched graffiti.","Ads on Subway Windows","None","3M"
"33",3,"2008-01-25T05:00:00+0000","","Ending the Gaza siege; Deep debt; Nepal's misery; The right message","IHT News","3M"
"34",4,"2008-01-01T05:00:00+0000","Mr. Brennan became chief executive at Sears in 1986, when the company was the nation’s largest retailer.","Edward Brennan, Who Led Sears at Its Peak, Dies at 73","Business","3M"
"35",5,"2008-06-23T04:00:00+0000","Accounts.","Accounts, People, Miscellany","Business","3M"
"36",6,"2008-06-05T04:00:00+0000","Refinishing a hardwood floor is dirty and disruptive work.","Refinishing Floors With Less Mess","Home","3M"
"37",7,"2008-08-10T05:00:00+0000","","Slump puts infrastructure deals on hold","IHT News","3M"
"38",8,"2008-10-28T01:21:52+0000","Researchers will begin recruiting in January for a nationwide study that will follow more than 100,000 children for more than two decades.","21-Year Study of Children Set to Begin","Science","3M"
"39",9,"2008-12-06T00:12:55+0000","Banks have certainly fallen on hard times, but perhaps not quite as hard as a lot of people think.","Some See a Buying Opportunity in Bank Shares","Business","3M"
"40",10,"2008-01-23T05:00:00+0000","","Bowring: Profligacy is America's problem","IHT News","3M"
"41",1,"2008-08-18T05:00:00+0000","","Edwards closes in on Busch with victory at Michigan","IHT News","3M"
"42",2,"2008-02-15T05:00:00+0000","","Helping the mind to cope with novelty and overload","IHT News","3M"
"43",3,"2008-06-06T05:00:00+0000","","What is good design?","IHT News","3M"
"44",4,"2008-09-18T02:21:38+0000","A day after the Fed’s stunning takeover of A.I.G., its new managers began contemplating a breakup of the insurer’s far-flung empire and selling it off in coming months.","With Fed’s $85 Billion Loan, A.I.G. Starts to Calculate a Measured Sell-Off","Business","3M"
"45",5,"2008-09-18T11:23:42+0000","","A.I.G. Starts to Calculate a Measured Sell-Off","Business","3M"
"46",6,"2008-11-20T19:10:08+0000","Gregory Healy, the Vice President of Operations for ForSaleByOwner.com, will be answering readers’ questions about for-sale-by-owner, or FSBO, real estate sales next week.","Expert Q&A: For Sale by Owner","","3M"
"47",7,"2008-11-20T02:37:09+0000","Some of the nation’s biggest companies want Congress to roll back rules requiring them to put more money into pension funds.","After Losses,
Pensions Ask
For a Change","Business","3M"
"48",8,"2008-11-20T11:23:52+0000","","After Losses, Pensions Ask For a Change","Business","3M"
"49",9,"2008-07-27T05:00:00+0000","","Days of wild oregano and goatherds","IHT News","3M"
"50",10,"2008-07-27T04:00:00+0000","The eastern Lassithi prefecture stretches from a lush plateau of farms to dry crags overlooking blue bays, offering a porthole into a disappearing Crete and its robust geography.","Days of Wild Oregano and Goatherds","Travel","3M"
"51",1,"2009-12-26T22:00:06+0000","Companies are increasingly using face-to-face interaction to involve their customers in the innovation process.","Seeing Customers as Partners in Invention","SundayBusiness","3M"
"52",2,"2009-09-03T21:42:53+0000","A new film from 3M obscures your phone’s screen from casual busybodies.","A New Smartphone Accessory Is for Your Eyes Only","None","3M"
"53",3,"2009-09-03T21:42:53+0000","A film from 3M that obscures your phone’s screen from casual busybodies is now available in custom sizes for most phones.","A New Smartphone Accessory Is for Your Eyes Only","","3M"
"54",4,"2009-03-26T21:01:17+0000","When workers kidnap their managers.","Bossnapping","","3M"
"55",5,"2009-03-26T23:38:50+0000","A former British banker’s home was vandalized and French workers barricaded a factory manager in his office, as the economic pain deepens and tempers flare.","Hurt by Economy, Europeans Vent Their Anger","Business","3M"
"56",6,"2009-01-22T16:11:38+0000","Sharp, 3M, Corning, E-Ink and Mitsubishi talked with David Pogue about the future of display technologies earlier this month at the Consumer Electronics Show.","The Future of Display Technologies","None","3M"
"57",7,"2009-03-26T02:21:36+0000","A former British banker’s home was vandalized, and French workers barricaded a factory manager in his office.","Hurt by Economy, Europeans Vent Their Anger","Business","3M"
"58",8,"2009-01-22T15:58:53+0000","Sharp, 3M, Corning, E-Ink and Mitsubishi talked with David Pogue about the future of display technologies earlier this month at the Consumer Electronics Show.","The Future of Display Technologies","Business","3M"
"59",9,"2009-01-22T16:11:38+0000","Sharp, 3M, Corning, E-Ink and Mitsubishi talked with David Pogue about the future of display technologies earlier this month at the Consumer Electronics Show.","The Future of Display Technologies","","3M"
"60",10,"2009-01-13T05:00:00+0000","","Autodesk executive to lead Yahoo","IHT News","3M"
"61",1,"2009-04-02T23:54:28+0000","French labor experts say anxiety and a sense of injustice have prompted workers to hold executives against their will.","Taking the Boss Hostage? In France, It’s a Labor Tactic","Business","3M"
"62",2,"2009-07-22T04:16:12+0000","As head of the company that made WD-40, Mr. Barry brought the product to widespread use in homes where many new uses were found.","John S. Barry, Main Force Behind WD-40, Dies at 84","Business","3M"
"63",3,"2009-02-28T05:52:28+0000","Laura Clark Nann and Chad Robert Wolf were married Friday at Our Lady of Perpetual Help Church in Bernardsville, N.J. The Rev. Gregory Uhrig, a Roman Catholic priest, performed the ceremony.","Laura Nann, Chad Wolf","Society","3M"
"64",4,"2009-10-22T21:14:19+0000","California Energy Commission has big-screen displays in its crosshairs.","Not My TV! Big Screens’ Energy Use at Issue","","3M"
"65",5,"2009-10-22T21:14:19+0000","California Energy Commission has big-screen displays in its crosshairs.","Not My TV! Big Screens' Energy Use at Issue","None","3M"
"66",6,"2009-03-26T11:35:42+0000","","Hurt by Economy, Europeans Vent Their Anger","Business","3M"
"67",7,"2009-05-23T02:21:13+0000","Danielle Marisol Birriel and Jason Reynolds Blake were married Saturday at Castle on the Hudson, an inn in Tarrytown, N.Y. A Roman Catholic priest led the ceremony.","Danielle Birriel and Jason Blake","Society","3M"
"68",8,"2009-01-26T00:01:22+0000","Economic events for the week of Jan. 26, 2009.","Looking Ahead","Business","3M"
"69",9,"2009-08-26T17:53:01+0000","A cool new technology gives you movies and more in your campsite, bedroom or boardroom, without a bulky projector.","A Pocket Projector to Make Any Surface a Silver Screen","Business","3M"
"70",10,"2009-07-20T01:10:01+0000","SIGNALS ON THE ECONOMY In a light week, reports will include the Conference Board’s leading economic indicators for June (Monday) and existing-home sales for June (Thursday).","Looking Ahead","Business","3M"
"71",1,"2009-07-02T11:47:11+0000","The list of players still available heading into Day 2 of N.H.L. free agency.","Free Agents Still Available on Day 2","None","3M"
"72",2,"2009-02-11T17:59:17+0000","One of the many exciting demos shown at this year’s TED conference.","At TED, Virtual Worlds Collide With Reality","","3M"
"73",3,"2009-02-11T17:59:17+0000","One of the many exciting demos shown at this year's TED conference.","At TED, Virtual Worlds Collide With Reality","None","3M"
"74",4,"2009-03-31T13:37:39+0000","The incident at a Caterpillar plant in the Alps was at least the third time in the last few weeks that French workers have detained their bosses to protest job losses.","Caterpillar Workers Detain Bosses in France","Business","3M"
"75",5,"2009-07-02T11:47:11+0000","The list of players still available heading into Day 2 of N.H.L. free agency.","Free Agents Still Available on Day 2","","3M"
"76",6,"2009-01-16T23:02:09+0000","","Madoff Swept Through Minneapolis, Too","Business","3M"
"77",7,"2009-11-04T18:00:21+0000","Meguiar’s, known for its car waxes, has cast a bit further afield with a new line of “designer” car wraps. It’s called Wraptivo, and it is essentially a plastic product made by 3M that shrink-wraps onto the surface of a vehicle, with the deft use ...","SEMA Trends: That’s a Wrap","","3M"
"78",8,"2009-07-03T13:59:53+0000","Plenty of N.H.L.’ers still out there for the taking — at the right price.","Free Agents Still Available on Day 3 [updated]","","3M"
"79",9,"2009-07-03T13:59:53+0000","Plenty of N.H.L.'ers still out there for the taking -- at the right price.","Free Agents Still Available on Day 3 [updated]","None","3M"
"80",10,"2009-04-01T14:27:19+0000","Workers at the Grenoble plant released the managers after President Nicolas Sarkozy said he would meet with union members who are disputing severance packages.","Standoff Ends at Caterpillar Plant in France","Business","3M"
"81",1,"2009-01-31T19:10:36+0000","Internet users around the world complained about an interruption in search results Saturday morning.","Google Glitch Briefly Disrupts Searches","None","3M"
"82",2,"2009-01-31T19:10:36+0000","","Google Glitch Briefly Disrupts World’s Search","","3M"
"83",3,"2009-10-22T14:12:14+0000","Stocks fluctuated as investors sorted through a disappointing reading on the labor market and more earnings reports.","Trading Gains on Profits Despite Job Loss Reports","Business","3M"
"84",4,"2009-10-28T19:21:58+0000","Several recently published books may help entrepreneurs cope with tough times.","Helpful Hints From the Printed Page","Business","3M"
"85",5,"2009-12-09T08:53:44+0000","Investors from Asia to Europe to Wall Street sent shares lower on Tuesday, distressed by signs of weakness in the global recovery amid talk of credit worries in Dubai and Greece.","Weakness of Recovery Unsettles Investors","Business","3M"
"86",6,"2009-12-08T13:09:56+0000","With little in the way of guidance this week, traders are trying to determine the course of the economy while also preparing for the end of the year.","Weakness of Recovery Unsettles Investors","Business","3M"
"87",7,"2009-04-30T00:44:35+0000","You can make smarter use of your closet space without spending a hefty sum on a custom installer if you’re willing to do a certain amount of organizing and planning.","Stretching Out Closet Space","Home","3M"
"88",8,"2009-04-02T05:00:00+0000","French labor experts say they expect actions like the one at a Caterpillar plant to be repeated as anxiety grows over the worsening labor market.","Angry French Workers Take Their Bosses Hostage","Business / Global Business","3M"
"89",9,"2009-07-23T13:26:14+0000","A report showing that sales of existing homes rose 3.6 percent in June and a flurry of positive earnings reports fueled the surge.","Dow Closes Over 9,000; First Time Since January","Business","3M"
"90",10,"2009-04-02T19:03:38+0000","French labor experts say they expect actions like the one at a Caterpillar plant to be repeated as anxiety grows over the worsening labor market.","Angry French Workers Take Their Bosses Hostage","Business","3M"
"91",1,"2009-08-21T13:44:57+0000","Shares jumped after a report showed existing home sales rose more than expected in July.","Home Sales Lift Markets to Highest Close of ’09","Business","3M"
"92",2,"2009-04-29T23:40:29+0000","By using cleaner materials and processes, a small foundry sharply reduces waste and its environmental impact.","No Grit and No Noxious Fumes in This Foundry","SpecialSections","3M"
"93",3,"2009-04-12T05:00:00+0000","The glass Heinz Tomato Ketchup bottle may break the golden rule of good design, but it still has millions of admirers.","An Icon, Despite Itself","Fashion & Style","3M"
"94",4,"2009-04-12T05:00:00+0000","The glass Heinz Tomato Ketchup bottle may break the golden rule of good design, but it still has millions of admirers.","An Icon, Despite Itself","Arts","3M"
"95",5,"2009-04-12T05:35:21+0000","The glass Heinz Tomato Ketchup bottle may break the golden rule of good design, but it still has millions of admirers.","An Icon, Despite Itself","Culture","3M"
"96",6,"2009-08-21T14:26:00+0000","Central bankers from around the world are starting to focus on how to unwind the policies they used to fight the global financial crisis.","World Bankers Suggest Rebound May Have Begun","Business","3M"
"97",7,"2009-03-19T11:17:01+0000","","Hired to Salvage A.I.G., Liddy Becomes a Target","Business","3M"
"98",8,"2009-01-14T15:00:16+0000","","Parsing Yahoo: Carol Bartz Is Bona Fide","Business","3M"
"99",9,"2009-08-06T02:46:32+0000","Widely used rapid checks for the H1N1 virus — or any flu, for that matter — fail more than 50 percent of the time.","Quick Tests for the Flu Found Often Inaccurate","Business","3M"
"100",10,"2009-03-19T01:41:07+0000","Testifying before a House panel, Edward M. Liddy, the insurer’s chief, became a lightning rod for critics.","Hired to Salvage A.I.G., Liddy Becomes a Target","Business","3M"
"101",1,"2009-01-16T12:20:12+0000","","Yahoo’s New Chief Makes a Decisive First Appearance","Business","3M"
"102",2,"2009-01-16T02:51:50+0000","Carol Bartz delivered her first speech since she replaced Jerry Yang as Yahoo’s chief executive, offering the glimpse of a personality very different from Mr. Yang’s.","Yahoo’s New Chief Makes a Decisive First Appearance","Business","3M"
"103",3,"2009-01-16T05:00:00+0000","","Yahoo's new chief makes a decisive first appearance","IHT News","3M"
"104",4,"2009-01-26T17:42:51+0000","Webdenda.","People and Accounts of Note","Business","3M"
"105",5,"2009-03-21T20:58:52+0000","Pro sports were once thought to be more resistant than other industries to recessions, but this is no ordinary downturn.","In Economic Downturn, Corporate Ties Put Bind on Sports","Sports","3M"
"106",6,"2009-09-05T17:06:57+0000","Boeing says it is getting back on track on the 787 Dreamliner, which is two years late. The company says it outsourced too much.","A Dream Interrupted at Boeing","SundayBusiness","3M"
"107",1,"2010-12-26T00:39:09+0000","For all the inequities of America in 1956, economic equality seemed within reach, at least for the vast middle class.","Who Killed the Disneyland Dream?","Editorial","3M"
"108",2,"2010-08-30T23:25:51+0000","In purchasing Cogent, 3M hoped to tap into a $4 billion global biometric market that it said was projected to grow more than 20 percent annually.","3M Will Buy Cogent, Maker of Fingerprint ID Systems","Business","3M"
"109",3,"2010-07-28T03:18:20+0000","Originally intended for office use, Post-it Notes have found their way into the home and into popular culture.","Turning 30, an Office Product Works at Home","Business","3M"
"110",4,"2010-09-02T19:49:19+0000","Cogent shareholders may be unhappy about the price of 3M’s deal to buy the company, but the Deal Professor says that there are other interesting quirks that may be of concern as well.","The Strangeness of 3M’s Cogent Deal","Business","3M"
"111",5,"2010-08-31T11:40:39+0000","3M, the manufacturing conglomerate, says it has agreed to pay $230 million in cash for an Israeli company that makes technology used to keep track of people.","3M to Acquire People-Tracker","Business","3M"
"112",6,"2010-10-08T20:32:04+0000","3M received 52 percent of Cogent’s shares in its tender offer for the fingerprint identification company, despite opposition from some shareholders who thought 3M should make a higher bid than $10.50 a share.","3M Gains 52% of Cogent’s Stock","Business","3M"
"113",7,"2010-10-07T17:14:10+0000","The Deal Professor examines a court ruling that failed to block 3M’s tender offer for Cogent and whether 3M will succeed in getting a majority of the company’s shares when the offer expires at midnight.","Time Dwindles for 3M’s Offer for Cogent","Business","3M"
"114",8,"2010-09-09T13:07:07+0000","3M said Thursday that it had agreed to buy Arizant, which provides ways to warm patients to prevent hypothermia, for $810 million in cash.","3M Continues Deal Spree, Buying Arizant","Business","3M"
"115",9,"2010-08-30T12:01:00+0000","3M said Monday that it had agreed to buy Cogent, a maker of biometric recognition systems, for $10.50 per share in a deal worth $943 million.","3M to Buy Cogent Systems for $943 Million","Business","3M"
"116",10,"2010-10-01T12:05:32+0000","Cogent, the maker of fingerprint-identification systems that is being acquired by 3M, received a buyout bid of more than $1 billion from NEC, according to court papers.","NEC Made Higher Bid for Cogent Before 3M Deal","Business","3M"
"117",1,"2010-01-03T01:58:27+0000","SUNDAY BUSINESS.","Editors’ Note","Summary","3M"
"118",2,"2010-01-03T02:18:55+0000","Cases where ethics guidelines are not followed by freelancers occur with dismaying frequency.","Times Standards, Staffers or Not","Editorial","3M"
"119",3,"2010-04-22T21:36:18+0000","Hunter Public Relations is planning its first Bring Your Parents to Work Day, with a day-long schedule of events that include “P.R. 101”-style briefings on subjects like social media and brainstorming.","Parents, Meet My Job","Media","3M"
"120",4,"2010-10-25T03:53:22+0000","Reports will include existing home sales for September and corporate results from Ford, Procter & Gamble, Microsoft and Exxon Mobil.","Looking Ahead: Economic Reports This Week","Business","3M"
"121",5,"2010-07-07T22:17:43+0000","A guide to finding dentists who use 3-D imaging in making braces.","Where to Find High-Tech Braces","Styles","3M"
"122",6,"2010-01-11T21:32:20+0000","If you happen to be in Paris this week, it’s your last chance to see “Grandi Legni,” an exhibition of large-scale, mixed-media works.","Now Showing | Andrea Branzi","TStyle","3M"
"123",7,"2010-01-25T02:06:53+0000","Economic data, corporate earnings and meetings.","Looking Ahead","Business","3M"
"124",8,"2010-04-26T03:29:19+0000","Economic reports, corporate earnings and hearings this week in Washington.","Looking Ahead","Business","3M"
"125",9,"2010-01-22T23:29:17+0000","PC maker Hewlett-Packard is expected to add a mini projector to a laptop later this year.","Projecting a New Laptop","","3M"
"126",10,"2010-02-25T01:23:42+0000","Scientists have developed a prototype for a very strong tape based on the gecko.","A Sticky Little Lizard Inspires a New Adhesive Tape","Home","3M"
"127",1,"2010-10-18T18:05:39+0000","The Deal Professor examines 11 deals in the first half of October for signs of how the mergers and acquisition market will play out next year.","What Recent Deals May Say About M.&A.’s Future","Business","3M"
"128",2,"2010-10-25T15:47:43+0000","The company’s shares rose after it confirmed DealBook’s report of talks with the Carlyle Group. Analysts wrote that a deal makes sense, given CommScope’s positive business prospects.","CommScope Shares Pop Amid Carlyle Deal Talks","Business","3M"
"129",3,"2010-01-09T16:12:17+0000","The clear intent of the freelancers’ contract seems to be, “You will not accept anything of value not provided by The New York Times.” What payers are covered as “current or potential news sources”? Is there any person or organization that is not ...","Letters: Freelancers and Climate Change","","3M"
"130",4,"2010-03-26T21:19:59+0000","AT&T said Friday that it would take a $1 billion noncash accounting charge in the first quarter because of the health care overhaul and that it might cut benefits it offers to current and retired workers.","AT&T to Take $1 Billion Charge for Health Care","Business","3M"
"131",5,"2010-07-18T23:21:41+0000","Reports will include leading economic indicators for June, and corporate earnings from Goldman Sachs, McDonald’s, Apple and many other companies.","Economic Reports This Week","Business","3M"
"132",6,"2010-07-23T07:19:26+0000","Robust quarterly results from some of the nation’s bellwether companies galvanized Wall Street on Thursday.","Markets Sharply Higher on Earnings","Business","3M"
"133",7,"2010-07-22T13:42:47+0000","Investors focused on reports from a range of companies that are not seeing a slowdown in the recovery.","Markets Sharply Higher on Earnings","Business","3M"
"134",8,"2010-12-23T12:30:41+0000","With temperatures out of the triple digits, car enthusiasts in the Southwest herald the arrival of joyride season.","Contemporaries, Classics and Coffee in the Desert","","3M"
"135",9,"2010-09-20T22:01:47+0000","Safran’s chief executive said that the acquisition would increase revenue from its security businesses closer to the company’s 20 percent goal.","Safran to Buy Most of L-1 in Cash Deal","Business","3M"
"136",10,"2010-04-09T01:48:35+0000","BrandLab tries to expose minority students in Minneapolis and St. Paul to marketing and advertising jobs.","Selling Minority Students on a Career in Marketing","Business","3M"
"137",1,"2010-12-29T10:47:12+0000","Earbuds shape up with these after-market tips.","Looking For Better Sound? Here’s a Tip","","3M"
"138",2,"2010-12-24T19:08:34+0000","Two contestants on Fox’s “Million Dollar Money Drop,” who lost $800,000 on an answer that turned out to be correct, aren’t sure they’ll accept an invitation to return.","Right on the $800,000 Question, They Lost Anyway","Business","3M"
"139",3,"2010-01-06T17:47:23+0000","How has design become something that we speak about more and more?","For the Moment | Everyday Design","TStyle","3M"
"140",4,"2010-04-18T23:58:36+0000","Amazon, Microsoft, Google and others are now trying to rent large corporations the remote use of their technology infrastructure, but some concerns remain after a few cautious steps into cloud services.","Companies Slowly Join Cloud-Computing","Business","3M"
"141",5,"2010-03-30T00:28:49+0000","An association representing 300 large companies said a provision of the health overhaul would hurt profits.","Companies Push to Repeal Provision of Health Law","Business","3M"
"142",6,"2010-12-25T00:50:49+0000","Scott Augustine, who invented the Bair Hugger, which warms patients during operations, says the machine shouldn’t be used on those receiving implant devices like artificial heart valves.","Doctor Says a Device He Invented Poses Risks","Business","3M"
"143",7,"2010-07-07T21:17:01+0000","Three-dimensional imaging technology has been making gradual inroads in the world of orthodontics. ","Taking the Guesswork Out of Braces","Styles","3M"
"144",8,"2010-07-30T00:28:44+0000","Economists are tempering their outlook ahead of a report on Friday on the nation’s output in the second quarter.","Economists Expect Slower Growth in Second Half","Business","3M"
"145",9,"2010-04-13T12:44:50+0000","European and Asian shares fell after Alcoa missed earnings forecasts. Investors also continued to watch developments in Greece after a successful bond sale.","Trading Ends With a Modest Gain as Investors Digest Earnings Reports","Business","3M"
"146",10,"2010-03-30T13:22:54+0000","The latest batch of data on the housing market and consumer confidence provided some hope, but it also brought steep hurdles into focus. .","Wall Street Manages to Stay on Positive Side","Business","3M"
"147",1,"2010-04-13T12:44:50+0000","European and Asian shares fell after Alcoa missed earnings forecasts. Investors also continued to watch developments in Greece after a successful bond sale.","Trading Ends With a Modest Gain as Investors Digest Earnings Reports","Business","3M"
"148",2,"2010-03-30T13:22:54+0000","The latest batch of data on the housing market and consumer confidence provided some hope, but it also brought steep hurdles into focus. .","Wall Street Manages to Stay on Positive Side","Business","3M"
"149",3,"2010-04-14T09:33:58+0000","Wall Street traders took in the first batch of quarterly earnings reports on Tuesday, but nobody seemed quite sure what to make of the numbers, The New York Times reports.","A Modest Gain as Investors Digest Earnings Reports","Business","3M"
"150",4,"2010-09-20T11:11:53+0000","Safran, the French aerospace and defense systems company, said Monday that it would buy most of L-1 Identity Solutions, a United States company that specializes in biometrics, for $1.1 billion in the latest sign of consolidation in the sector.","Safran to Buy Biometric Firm L-1, With BAE’s Help","Business","3M"
"151",5,"2010-10-01T12:13:55+0000","Shares wandered a bit as traders parsed through a series of economic reports on Friday.","Remarks by Fed Officials Give Wall Street a Lift","Business","3M"
"152",6,"2010-05-10T19:14:05+0000","Federal regulators said Monday that the major stock exchanges had agreed in principle to a uniformed system that would allow for a controlled slowdown during volatile trading.","Exchanges Agree in Principle on New Trading Rules","Business","3M"
"153",7,"2010-07-13T12:03:59+0000","Shares ended sharply higher, propelled by a strong start to earnings season.","6-Day Winning Streak for U.S. Indexes","Business","3M"
"154",8,"2010-07-14T08:30:56+0000","Stock indexes in the United States rose for a sixth consecutive session on Tuesday, propelled by a strong start to the corporate earnings season.","6-Day Winning Streak for U.S. Indexes","Business","3M"
"155",9,"2010-04-27T12:26:09+0000","Financial markets were rocked on Tuesday after Greece’s credit rating was slashed to junk status.","Stocks Drop Nearly 2 Percent After Greek Debt Is Downgraded","Business","3M"
"156",10,"2010-10-14T19:16:59+0000","The Deal Professor examines how a tender offer provides greater flexibility at the end stage of a deal over a merger.","Behind the Growing Number of Tender Offers","Business","3M"
"157",1,"2010-07-19T12:32:26+0000","Most bank shares turned higher in afternoon trading, offsetting some concerns about housing.","Investors Study Earnings for Clues About the Economy","Business","3M"
"158",2,"2010-05-07T09:16:30+0000","After great pain, the formal statements come. Regulators, stock exchanges, banks and senators rushed to address the causes and possible solutions of Thursday’s show-stopping market volatility in the wake of its 1,000-point drop and rapid, partial ...","Market Madness: A Post-Mortem","Business","3M"
"159",3,"2010-07-20T08:41:39+0000","Technology, utilities and energy stocks rose on Monday, helping the broader markets climb after Friday’s steep decline.","Investors Study Earnings for Economic Clues","Business","3M"
"160",4,"2010-05-08T21:37:54+0000","New miniature projectors may soon be showing up in video games, robotics and even the corner bar.","The Ever-Widening World of Tiny Projectors","SundayBusiness","3M"
"161",5,"2010-06-04T12:08:29+0000","The markets skidded, as the latest unemployment figures raised concerns about the strength of the recovery.","U.S. Indexes Fall Sharply on Jobs Data","Business","3M"
"162",6,"2010-12-10T20:12:54+0000","Theresa and Mariangela Petrone, in their Arthur Avenue gift shop, debate bow quality and reveal the secret of the crease.","Masters of Wrap and Ribbon, and of the Sisterly Jab","Metro","3M"
"163",7,"2010-06-07T04:56:00+0000","Stocks tumbled Friday in one of their sharpest declines this year, leaving the Dow Jones industrial average firmly below 10,000, as a disappointing jobs report cast a pall over the nation’s economic recovery, The New York Times reported.","U.S. Indexes Fall Sharply on Jobs Data","Business","3M"
"164",8,"2010-06-28T06:07:38+0000","Proof-of-concept centers are giving universities the money and other support to take unproven ideas and make them appeal to venture capitalists.","The Idea Incubator Goes to Campus","Business","3M"
"165",9,"2010-06-26T18:40:59+0000","Proof-of-concept centers are giving universities the money and other support to take unproven ideas and make them appeal to venture capitalists.","The Idea Incubator Goes to Campus","SundayBusiness","3M"
"166",10,"2010-07-03T13:52:45+0000","The small screens of cellphones can lend themselves well to glasses-free three-dimensional effects, experts say.","Did a Speeding Car Just Jump Out of My Cellphone?","SundayBusiness","3M"
"167",1,"2010-10-29T14:00:00+0000","How Dr. Fager, who won 18 of 22 races, got his name.","Me and Dr. Fager","","3M"
"168",2,"2010-11-14T04:36:09+0000","Mr. Barstow’s tenderly shot documentaries, many of them travelogues, chronicled the ordinary doings of ordinary people in mid-century America.","Robbins Barstow, Home-Movie Maven, Dies at 91","Culture","3M"
"169",3,"2010-04-22T01:39:45+0000","Airports rumbled back to life across Europe, but travelers who opted for land or sea journeys told of epic adventures.","Ash Turns Routine Flights Into Overland Odysseys","Foreign","3M"
"170",4,"2010-05-10T05:58:00+0000","Investigators seeking an explanation for the brief stock market panic last week said Sunday that they were focusing increasingly on how a controlled slowdown in trading on the New York Stock Exchange, meant to bring about stability, instead set of...","Computer Trades Are Focus in Wall Street Plunge","Business","3M"
"171",5,"2010-05-06T07:35:39+0000","The market’s wild ride Thursday suggests that investors are again growing more hesitant to own assets like stocks and bonds, Floyd Norris writes in his latest column.","Market Drop Fueled by Crisis, Anxiety and an Error","Business","3M"
"172",6,"2010-05-07T00:28:25+0000","The market’s wild ride Thursday suggests that investors are again growing more hesitant to own assets like stocks and bonds.","Market Drop Fueled by a Crisis, Anxiety and an Error","Business","3M"
"173",7,"2010-05-07T01:07:50+0000","Wall Street saw one of the wildest days ever in financial markets as investors are again growing more hesitant to own assets such as stocks and bonds.","Market Drop Fueled by a Crisis, a Glitch and Anxiety","Business","3M"
"174",8,"2010-09-22T23:11:49+0000","The Times asked a designer to help a West Coast transplant display her extensive photo collection in her Jersey City home.","Lots of Pictures, Little Space","Home","3M"
"175",9,"2010-08-15T17:32:47+0000","‘The news about Walter Berglund wasn’t picked up locally — he and Patty had moved away to Washington two years earlier and meant nothing to St. Paul now — but the urban gentry of Ramsey Hill were not so loyal to their city as not to read the New Y...","‘Freedom’","Culture","3M"
"176",10,"2010-08-19T19:21:27+0000","Like Jonathan Franzen’s previous novel, “The Corrections,” this is a masterly portrait of a nuclear family in turmoil, with a majestic sweep that gathers every sociocultural morsel of our shared millennial life.","Peace and War","BookReview","3M"
"177",1,"2010-12-16T13:52:42+0000","Corporate America wants help coming up with fresh ideas. Can a new breed of consultant teach companies how to think?","In Pursuit of the Perfect Brainstorm","Magazine","3M"
"178",2,"2010-10-18T12:29:47+0000","President Obama takes his campaign for a science push onto the TV show “Mythbusters.”","Obama Takes Science Push to ‘Mythbusters’","","3M"
"179",3,"2010-12-24T05:48:53+0000","Over the last three presidential administrations, the United States has granted nearly 10,000 special licenses allowing nearly 4,000 American companies to bypass sanctions and embargo rules.","Companies With Permission to Bypass Sanctions","World","3M"
"180",4,"2010-06-16T16:30:26+0000","How does the public ensure that it doesn’t end up paying for costs of the spill 20 or 30 years out?","How Much Will BP Really Pay?","","3M"
"181",5,"2010-12-24T05:49:08+0000","Over the last three presidential administrations, the Office of Foreign Assets Control has granted nearly 10,000 special licenses allowing almost 4,000 American companies.","Licenses Granted to U.S. Companies Run the Gamut","World","3M"
"182",6,"2010-01-03T02:46:27+0000","FRONT PAGE.","Corrections","Summary","3M"
"183",1,"2011-11-07T14:31:42+0000","The ruling, in Britain was a legal victory for investors who said 3M had failed to make good on a promise to market a test for dangerous bacteria.","Judge Orders 3M to Pay $1.3 Million","Business","3M"
"184",2,"2011-07-22T00:21:35+0000","A suit over a test to be marketed by 3M has escalated into a legal morass ensnaring 3M’s chief executive, Britain’s secretary of defense and a Washington lawyer.","Lawsuits and Intrigue Over 3M Diagnostic Test","Business","3M"
"185",3,"2011-05-04T14:30:42+0000","Rajiv Maragh, who is set to ride Mucho Macho Man in the Kentucky Derby, will be wearing the bold red 3M logo on his white breeches during the race. How that arrangement came about in a matter of hours last week is a true tale of you’ll never know ...","From Mucho Macho Man to 3M","","3M"
"186",4,"2011-05-06T10:02:08+0000","Mucho Macho Man has been declared by the media as The Story of this Kentucky Derby. And why not, it has an amazing cast of characters.","Mucho Macho Man’s Supporting Cast Steals Show","","3M"
"187",5,"2011-12-08T00:16:00+0000","The latest models connect to the Internet, which means they can be adjusted from afar, and allows them to get information about the weather and adjust accordingly.","Home Thermostats, Wallflowers No More","Home","3M"
"188",6,"2011-07-20T23:05:31+0000","The company 3M asked the designer to rethink the delivery of the sticky note, as well as that of another classic — Scotch tape.","Karim Rashid Recasts the Post-It","Home","3M"
"189",7,"2011-10-25T13:47:33+0000","Concerns about the outcome of a meeting of European leaders on Wednesday weighed on financial stocks especially.","Stocks Close Sharply Lower on News From Europe","Business","3M"
"190",8,"2011-02-24T20:00:18+0000","News stories that simply churn out the contents of a press release.","Churnalism","","3M"
"191",9,"2011-10-23T22:30:45+0000","Economic reports, corporate earnings and hearings this week in Washington.","Looking Ahead to Economic Reports This Week","Business","3M"
"192",10,"2011-04-01T20:16:14+0000","The bride is an Emmy-winning video editor; the bridegroom is the vice president for Comedy Central Records.","Hanne Anderson and Jack Vaughn Jr.","Society","3M"
"193",1,"2011-04-25T03:32:48+0000","Data will include new home sales for March and the Standard & Poor’s/Case-Shiller housing price index for February.","Economic Reports for the Week Ahead","Business","3M"
"194",2,"2011-12-06T15:22:34+0000","Despite a Standard & Poor’s warning that the rating of Europe’s bailout fund would be tied to those of its guarantor countries, investors sent markets mostly higher.","Markets Optimistic a Resolution To the Euro Crisis Will Be Found","Business","3M"
"195",3,"2011-06-08T21:25:10+0000","The surprising origins of California’s red script.","Who Made California’s License Plate?","","3M"
"196",4,"2011-05-25T17:04:59+0000","Aleksey Korzun painted his BMW 5 Series in his small apartment, one piece at a time.","A Paint Job That Would Have Impressed the Man in Black","","3M"
"197",5,"2011-03-04T13:58:12+0000","He may not be the high-profile, high-volume, hard-charging White House chief of staff that Rahm Emanuel was, but suddenly, William M. Daley is everywhere.","As Obama’s Top Aide, Daley Is Everywhere","","3M"
"198",6,"2011-07-24T21:19:54+0000","Data will include the S.&P./Case-Shiller housing price index for May, new home sales for June and consumer confidence for July.","This Week’s Economic Reports","Business","3M"
"199",7,"2011-07-27T12:44:56+0000","The Dow was down nearly 200 points and the S.&P. 500 more than 2 percent.","Debt Impasse Fuels Sharp Fall in Stocks","Business","3M"
"200",8,"2011-05-09T19:45:33+0000","A computer scientist who tracks the mathematical capabilities of computers has found that the iPad 2 is as fast as a supercomputer from years ago.","The iPad in Your Hand: As Fast as a Supercomputer of Yore","","3M"
"201",9,"2011-03-17T21:08:29+0000","Officials said confirmed deaths had climbed to 5,692, and foreign governments stepped up efforts to move their citizens out of harm’s way or out of Japan entirely.","Nearly Half a Million Japanese in Shelters, as Tolls Rise and Foreigners Flee","Foreign","3M"
"202",10,"2011-01-19T22:24:44+0000","Headphones that use active noise reduction can leave some users feeling queasy. Also, Sticky Notes on Windows 7 and counting characters on iPhone text messages.","Headphones That Produce Quiet and Side Effects","Business","3M"
"203",1,"2011-11-18T22:18:58+0000","Ryanair’s announcement about the possibility of in-flight pornography may seem radical, but passengers have already been indulging in racy content on their digital devices.","Pornography on Airplanes, Where You Can’t Look Away","Styles","3M"
"204",2,"2011-07-26T13:48:25+0000","Industrial stocks lost more than most after uneven reports from 3M and U.S. Steel.","Shares Decline as Wall Street Waits for Washington","Business","3M"
"205",3,"2011-05-13T16:59:47+0000","Although Minnesota’s unemployment rate is relatively low at 6.6 percent, businesses large and small are reluctant to hire, and the depressed real estate market remains a drag on the economy.","Encouraging Numbers, at First Glance","Business","3M"
"206",4,"2011-04-10T11:13:57+0000","Even something as simple as wiping a lens can be done the wrong way, with disastrous results. Here’s the right way.","How to Clean a Lens the Right Way","","3M"
"207",5,"2011-03-07T12:13:36+0000","Plus: Has advertising been a good investment for you?","This Week in Small Business: Charlie Sheen, Justin Bieber and a New Pizza Strategy","","3M"
"208",6,"2011-09-15T23:49:05+0000","Cash dividend payments from mature, profitable companies have been a welcome addition to retirement portfolios.","The Dividend as a Bulwark Against Global Economic Uncertainty","Business","3M"
"209",7,"2011-10-25T04:03:02+0000","Nest Labs, a Silicon Valley start-up, is trying to transform the household thermostat into a digital assistant that reduces energy consumption.","Ex-Apple Leaders Push the Humble Thermostat Into the Digital Age","Business","3M"
"210",8,"2011-10-05T15:51:11+0000","Riskalyze aims to help you evaluate your risk tolerance for investments.","New Site Seeks to Analyze Investors’ Appetite for Risk","","3M"
"211",9,"2011-06-20T02:12:15+0000","Gerry McIlroy has insisted that golf was always Rory’s dream, not his, and that the only thing he did was nudge his son into it.","Father Stays on Sideline, Quietly Proud","Sports","3M"
"212",10,"2011-04-03T19:41:16+0000","Two historians have accused the British government of pressuring researchers to study Prime Minister David Cameron’s “Big Society” or risk losing their funding.","Academic Freedom, With Strings Attached?","Foreign","3M"
"213",1,"2011-05-21T20:06:27+0000","A bellwether town found its schools in dire straits — and had little to argue about.","The Math of Heartbreak in Levittown","WeekInReview","3M"
"214",2,"2011-04-29T13:30:41+0000","The battle highlights not just the possibility of hedge fund interference in M.&A. transactions, the Deal Professor says, but also the dangers of using a tender offer in a bid challenged by shareholder activists.","When Arbs Attack: The Battle Over Celera","","3M"
"215",3,"2011-06-11T21:00:39+0000","Welcome to our coverage of the 143rd running of the Belmont Stakes.","Ruler on Ice Wins 143rd Belmont Stakes","","3M"
"216",4,"2011-04-09T17:29:56+0000","After shrinking during the recession, paychecks are growing again for top American executives.","The Drought Is Over (at Least for C.E.O.’s)","SundayBusiness","3M"
"217",5,"2011-09-09T19:03:34+0000","“A reader might ask why two people who have devoted their careers to writing about foreign affairs — one of us as a foreign correspondent and columnist at The New York Times and the other as a professor of American foreign policy at The Johns Hopk...","‘That Used to be Us’","BookReview","3M"
"218",6,"2011-05-08T01:28:24+0000","Critics have long painted the Nuclear Regulatory Commission as well-intentioned but weak.","Nuclear Agency Is Criticized as Too Close to Its Industry","Business","3M"
"219",7,"2011-12-07T18:15:38+0000","The life reports are in. Meet Charles D. Snelling.","The Life Report: Charles Darwin Snelling","","3M"
"220",1,"2012-10-03T21:40:08+0000","A month after the Justice Department had threatened to sue block the deal, 3M announced on Wednesday that it was terminating its agreement with Avery Dennison to buy its office and consumer products business for $550 million in cash.","3M Abandons Deal to Buy Avery Dennison Unit","","3M"
"221",2,"2012-10-01T13:09:41+0000","Ceradyne shareholders will receive $35 a share in cash through a tender offer that is expected to begin within the next two weeks, a 43 percent premium to the ceramics maker’s closing price on Friday.","3M to Buy Ceradyne for $860 Million","","3M"
"222",3,"2012-09-05T12:04:00+0000","After the Justice Department balked at 3M’s $550 million acquisition of a unit of Avery Dennison, the companies said they would seek to appease antitrust concerns.","3M and Avery Dennison ‘Committed’ to Deal Despite Antitrust Issue","","3M"
"223",4,"2012-06-26T22:41:17+0000","Neighborhood preservationists and the St. Paul Port Authority are at odds over the longtime site of 3M.","Reconciling History and Hope at 3M’s Old Home","Business","3M"
"224",5,"2012-01-26T21:58:20+0000","The maker of Post-it Notes, helped by an increase in auto and aerospace orders, had a net income gain of 2.8 percent in the fourth quarter.","3M’s Profit Beats Analysts’ Estimates","Business","3M"
"225",6,"2012-01-03T14:52:36+0000","3M, the maker of Post-it notes and Scotch Tape, has agreed to buy the office and consumer products business of the Avery Dennison Corporation for $550 million in cash.","3M to Acquire a Unit of Avery Dennison","","3M"
"226",7,"2012-08-06T16:14:32+0000","The shoes brand gets creative for fall.","Del Toro 3M Reflective Shoes for Fall",NA,"3M"
"227",8,"2012-04-24T22:51:32+0000","Earnings per share were $1.59, above analysts’ prediction of $1.49, as industrial demand in the United States helped offset slowing foreign markets.","Rising Demand in U.S. Helps 3M Beat Earnings Estimates","Business","3M"
"228",9,"2012-06-21T03:59:33+0000","The publisher, in conjunction with city libraries and 3M, will make its books available in e-format, though they will not be available immediately after release.","From Penguin, a Plan to Make Its E-Books Available in New York City Libraries","","3M"
"229",10,"2012-05-23T01:12:39+0000","A free app for iPhones and iPads linked to Muppets Band-Aids makes a Muppet character appear to emerge from the bandage to console the injured child.","Band-Aids and Muppets Aim to Soothe Child’s Scrapes","Business","3M"
"230",1,"2012-02-27T17:30:43+0000","A company tries to make natural gas vehicles more practical by incorporating new materials into the high-pressure storage tanks, making them lighter and stronger.","Enlisting Nanoparticles to Help Replace Oil","","3M"
"231",2,"2012-06-27T15:56:20+0000","Regulators quote e-mails between traders and those who submitted rate information as part of settlements with Barclays.","The Things Traders Say","","3M"
"232",3,"2012-08-06T18:20:14+0000","Del Toro introduces its new limited edition line of sneakers made from 3M reflective material, a high visibility fabric that could be illuminated by headlights, or in many cases, street style photographers.","Del Toro Shoes Offer a Flash for Fall","","3M"
"233",4,"2012-08-04T11:18:48+0000","Aquatic Center, 3m spring board. Helping the girls to get a spin on.","Competitive Armchair Olympics: Flipper","","3M"
"234",5,"2012-11-19T01:08:56+0000","Working with Baker & Taylor, a distributor of print and digital books, Penguin will start the new pilot programs this year.","Penguin to Expand E-Book Lending","","3M"
"235",6,"2012-02-29T02:29:31+0000","The Dow closed above 13,000 on Tuesday for the first time since May 19, 2008.","The Dow Is Working Its Way Back","Business Day","3M"
"236",7,"2012-07-22T04:16:44+0000","The couple work at the United States Embassy in Pretoria, South Africa.","Nicole Wilett, Colin Thomas-Jensen","Society","3M"
"237",8,"2012-01-31T11:00:36+0000","The author, balking at high replacement costs for the headlight lenses on his 2001 BMW 3 Series, tests a new product said to restore like-new clarity to the lenses.","Genie in a Bottle? Testing a Headlight-Lens Defogging Solution","","3M"
"238",9,"2012-07-11T02:08:49+0000","A settlement between the British bank Barclays and regulators may be the first in a series of cases against other banks that may have manipulated the Libor.","Behind the Libor Scandal","Business Day","3M"
"239",10,"2012-05-27T04:47:16+0000","The couple, both professors at the Yale School of Management, are to be married in Northern California.","Elisa Long and Keith Chen","Society","3M"
"240",1,"2012-01-22T23:11:11+0000","Data will include new-home sales for December, leading economic indicators and fourth-quarter G.D.P.; companies including McDonald’s, Apple, AT&T and Ford will report quarterly results.","Economic Reports for the Week Ahead","Business","3M"
"241",2,"2012-01-03T23:28:33+0000","The tape has become the material of choice for creating fashions that showcase the wearer’s originality and ingenuity.","Duct Tape Goes From Fix-It to Dress-Up","Styles","3M"
"242",3,"2012-10-21T21:56:36+0000","Governments reports will include third-quarter gross domestic product and new home sales for September, and companies reporting earnings will include Caterpillar, Facebook, 3M, AT&T and Apple.","Economic Reports for the Week Ahead","Business","3M"
"243",4,"2012-07-22T23:29:52+0000","Data will include new home sales for June and the second quarter’s gross domestic product; companies reporting results will include McDonald’s, Apple, Facebook, Ford and Exxon Mobil.","Economic Reports for the Week Ahead","Business","3M"
"244",5,"2012-04-22T23:21:51+0000","Data will include the Standard & Poor’s/Case-Shiller home price index for February, new home sales for March and consumer confidence for April.","Looking Ahead to Economic Reports This Week","Business","3M"
"245",6,"2012-08-30T20:17:57+0000","Consumer Reports rates insect repellents, which are in demand because of reports of West Nile virus.","Which Bug Repellent Is Best?","","3M"
"246",7,"2012-07-14T03:12:39+0000","Corrections appearing in print on July 14, 2012.","Corrections: July 14","Summary","3M"
"247",8,"2012-12-16T00:42:37+0000","Dr. House developed a surgical procedure for a debilitating form of vertigo that cured the astronaut Alan B. Shepard.","Dr. William F. House, Inventor of Pioneering Ear-Implant Device, Dies at 89","National","3M"
"248",9,"2012-04-02T21:19:38+0000","Jonah Lehrer’s “Imagine” is an engaging tour through the mysteries of the imagination and the science of innovation.","How to Cultivate Eureka Moments","Culture","3M"
"249",10,"2012-02-29T23:25:38+0000","Can home automation systems increase the appeal of my home?","Market Ready","Home","3M"
"250",1,"2012-10-24T01:53:18+0000","Many bellwether businesses have reported disappointing results and cut their outlook for future growth, but consumers remain buoyant.","Firms Don’t Share Consumer Optimism","Business","3M"
"251",2,"2012-09-28T20:36:28+0000","John Wayne stars in four “Three Mesquiteers” installments from the 1930s: “Overland Stage Raiders,” “Red River Range,” “The Night Riders” and “Three Texas Steers.”","Tall in the Saddle in 2 Eras at Once","Arts&Leisure","3M"
"252",3,"2012-10-22T17:00:29+0000","The stagnation of wages in recent years has many causes, but reflects a failure to invest enough in the skills and productivity of the American work force, two economists write.","The Uncomfortable Truth About American Wages","","3M"
"253",4,"2012-02-13T22:12:38+0000","The reputations of Bank of America, Berkshire Hathaway, Wells Fargo, JPMorgan Chase and Goldman Sachs all fell significantly in this year’s Harris Interactive survey.","Wall Street’s Reputation Still Falling","","3M"
"254",5,"2012-04-24T01:15:53+0000","Dr. Rathmann oversaw Amgen as it developed what would become two of the most successful drugs in history and became the world’s largest biotechnology company.","George Rathmann, Amgen Chief, Dies at 84","Business","3M"
"255",6,"2012-10-04T12:18:45+0000","Romney calls Dodd-Frank “the biggest kiss” for “New York banks I’ve ever seen.” | T-Mobile USA’s deal for MetroPCS puts more pressure on Sprint Nextel. | Hewlett-Packard’s weak stock price is increasing deal speculation. | Daniel S. Loeb of Third ...","Dodd-Frank Makes a Debate Cameo","","3M"
"256",7,"2012-06-11T02:05:51+0000","Account assignments, executive appointments and miscellaneous news from advertising agencies.","News From the Advertising Industry","Business","3M"
"257",8,"2012-10-27T18:08:37+0000","Though the nation is at the edge of all kinds of  chasms — fiscal and otherwise — the Federal Reserve is aiming to provide a margin of safety.","Here a Cliff, There a Cliff. But Then There’s the Fed.","SundayBusiness","3M"
"258",9,"2012-09-05T12:21:44+0000","Highlights from the DealBook newsletter.","Morning Take-Out","","3M"
"259",10,"2012-09-11T18:35:59+0000","Governor, a restaurant where fresh flavors take a twist, helps dispel notions that good food is not to be found in Dumbo, Brooklyn.","Where Fresh Flavors Flip","Dining","3M"
"260",1,"2012-06-03T22:23:54+0000","Sales of the Sunday edition of The Sun, a brash daily tabloid, have fallen 28 percent since it first hit newsstands in February.","New Tabloid by Murdoch Losing Sales","Business","3M"
"261",2,"2012-10-19T01:10:04+0000","A self-taught scientist, Mr. Ovshinsky invented the nickel-metal hybrid battery and contributed to the development of many other devices.","Stanford R. Ovshinsky Dies at 89, a Self-Taught Maverick in Electronics","Business","3M"
"262",3,"2012-05-11T15:43:32+0000","Creativity isn’t a gift possessed by a lucky few, Jonah Lehrer says. It’s a process we can all learn to use more effectively.","Boggle the Mind","BookReview","3M"
"263",4,"2012-08-09T05:33:33+0000","A growing movement to legalize Internet gambling and give states the power to regulate and tax online gambling even on reservations is driving anxiety among the Shakopee tribe.","$1 Million Each Year for All, as Long as Tribe’s Luck Holds","National","3M"
"264",5,"2012-10-22T18:18:47+0000","Job reductions are emerging in industries like mining, heavy machinery and scrap metal that boomed along with China, illustrating the risks to the American economy if growth continues to slow.","China’s Doldrums Put Pressure on U.S. Exporters","Business","3M"
"265",6,"2012-05-02T22:07:50+0000","Doing business by phone or laptop while traveling can attract the prying eyes or ears of fellow passengers and unwittingly reveal company secrets.","Talking Business in Flight? Be Careful","Business","3M"
"266",7,"2012-10-11T10:36:05+0000","An interview with the co-author of “Jugaad Innovation.”","Is Jugaad Going Global?","","3M"
"267",8,"2012-02-02T00:39:17+0000","You want them, you need them, and these power tools will pay for themselves.","The Guilt-Free Handyman Shopping Spree","Home","3M"
"268",9,"2012-01-13T17:00:10+0000","Vanilla Ice, whose “Ice Ice Baby” was a 1990 monster hit, has a show on the DIY Network about home remodeling: “The Vanilla Ice Project.”","Renovate Renovate Baby. Need Help?","Arts&Leisure","3M"
"269",10,"2012-05-26T21:17:44+0000","Mitt Romney has made it very clear how he will help Wall Street if he wins. It’s President Obama who is in a conflicted position.","Political Dividends","","3M"
"270",1,"2013-12-03T05:01:21+0000","The search giant, which for years has been evasive about its plans for the cloud, is announcing rates and features for a wide-ranging computing service.","Google Joins a Heavyweight Competition in Cloud Computing","Business","3M"
"271",2,"2013-09-17T15:41:29+0000","The 3M Tekk Protection WorkTunes headphones keep excessive noise out, and won’t damage your ears with loud music levels, either.","Headphones for Protection, Not Cranking It Up","Business","3M"
"272",3,"2013-01-28T19:02:04+0000","Spots for Post-it notes present them as a vehicle for self-expression by depicting the unusual and unexpected ways that consumers use the notes.","3M Says, ‘Go Ahead, Make Something of It’","Business","3M"
"273",4,"2013-03-06T02:18:26+0000","Change in each company’s stock price since the Dow’s previous high on Oct. 9, 2007.","The Dow’s Movers","Business Day","3M"
"274",5,"2013-04-21T12:25:28+0000","Defining the difference between design and invention is a challenging exercise.","Designers Versus Inventors","Culture","3M"
"275",6,"2013-03-08T16:38:50+0000","The Dow Jones industrial average of 30 stocks rose to a new record this week, but is still below its 2000 and 2007 highs when adjusted for inflation.","Off the Charts: A Dow Record, if You Ignore Inflation","Business Day","3M"
"276",7,"2013-04-14T04:16:48+0000","The bride is a project manager for a cocoa processing company in Germany; the groom is a scientist and doctoral student there.","Caitlin Smith, Carlo Frevert","Society","3M"
"277",8,"2013-09-09T18:21:21+0000","Respirator masks, used by responders after the 9/11 attacks, played a role in exposing thousands to contaminated air, but the government and the hazardous-equipment industry are trying for better.","Improving Respirator Masks to Put Fresh Air in Reach","Science","3M"
"278",9,"2013-01-21T00:29:49+0000","Government reports will include sales of existing homes for December, and companies reporting earnings will include Verizon, Google, I.B.M., McDonald’s, Apple and Microsoft.","Economic Reports for the Week Ahead","Business","3M"
"279",10,"2013-07-22T00:27:17+0000","Governments reports will include sales of new homes for June, and companies reporting earnings will include McDonald’s, Apple, Facebook, Ford and Boeing.","Economic Reports for the Week of July 22","Business","3M"
"280",1,"2013-03-20T20:34:27+0000","LED bulbs last longer and use less power than older ones, and with prices falling, a change makes even more sense.","New Reasons to Change Light Bulbs","Business","3M"
"281",2,"2013-11-16T20:19:45+0000","National Football League teams are racing this season to secure the title of loudest outdoor stadium in the world, but all that noise can come with a serious cost.","Ground-Shaking Noise Rocks N.F.L., and Eardrums Take Big Hit","Sports","3M"
"282",3,"2013-04-22T02:12:34+0000","Reports include quarterly earnings from Caterpillar, Apple and Boeing, as well as existing and new home sales for March.","Economic Reports for the Week Ahead","Business","3M"
"283",4,"2013-02-09T18:35:05+0000","Blocking the country’s largest brewing company from acquiring one of its competitors will benefit consumers.","America’s Beer Duopoly","Editorial","3M"
"284",5,"2013-09-10T18:19:10+0000","Changes to the Dow Jones industrial average mean that for the first time, half of its 30 companies are not primarily in the business of mining or of making physical objects.","The Not-So-Industrial Average","","3M"
"285",6,"2013-03-04T03:15:26+0000","Experts estimate so-called budget sequestration could cost the country about 700,000 jobs, but Wall Street doesn’t expect the cuts to substantially alter corporate profits or threaten stock markets.","Recovery in U.S. Is Lifting Profits, but Not Adding Jobs","Business","3M"
"286",7,"2013-02-06T14:32:56+0000","On Wednesday, authorities offered an array of colorful e-mails and instant messages in their $612 million settlement with the Royal Bank of Scotland that portray a scheme to influence the rate-setting process.","The Things Traders Say, R.B.S. Edition","","3M"
"287",8,"2013-03-01T23:25:57+0000","A bumper crop of new million-dollar cars will be shown at the 83rd International Motor Show in Geneva, where press previews begin on Tuesday.","A High-Dollar Debutante Ball","Automobiles","3M"
"288",9,"2013-01-07T22:29:31+0000","An emergency fund-raising campaign has allowed the Penumbra Theater in St. Paul, a leading African-American company, to resume operations.","New Funds Help Revive a Theater in St. Paul","Culture","3M"
"289",10,"2013-11-20T19:48:41+0000","The noise at football games and other events is enough to cause permanent damage and to increase the likelihood of future damage. A few simple steps may help minimize the risks.","Fighting Hearing Loss From the Crowd’s Roar","","3M"
"290",1,"2013-09-25T16:20:58+0000","Curry meals, Champagne and steaks were among the rewards promised to ICAP brokers, according to documents released on Wednesday by authorities in a Libor manipulation case.","Things Traders Say, ICAP Edition","","3M"
"291",2,"2013-12-12T02:16:54+0000","Zeus Jones, a consultancy specializing in digital, design, social media and content creation, is opening its new office with an executive already well known to potential tech clients.","Zeus Jones to Open San Francisco Office","Business","3M"
"292",3,"2013-02-21T20:37:58+0000","David Pogue analyzes the debate on blurry photo backgrounds and how cameras get them.","Blurry Backgrounds, Big Sensors and Bokeh","","3M"
"293",4,"2013-09-28T17:09:53+0000","In a letter from a small jail cell in Cairo, two Canadian men who were swept up in the security crackdown by Egypt’s military-led government last month describe the brutal and “ridiculous conditions” in which they have been held.","Canadians Detained in Cairo Describe Beatings in Captivity","","3M"
"294",5,"2013-03-21T19:15:09+0000","A column about LED light bulbs generated a lot of reader e-mail, probably because LED represents change. And change is always scary. David Pogue addresses some reader concerns.","Addressing Fears About LED Light Bulbs","","3M"
"295",6,"2013-11-23T19:30:10+0000","Minnesota and Wisconsin are good places to compare modern progressivism and the new right.","Right vs. Left in the Midwest","OpEd","3M"
"296",7,"2013-11-13T23:25:48+0000","Refinishing floors takes heavy equipment and a high tolerance for pain and imperfection.","Brought to Your Knees by a Wood Floor","Home","3M"
"297",8,"2013-06-29T20:28:56+0000","Among 200 top chief executives in 2012, the median compensation package jumped 16 percent. So much for the idea that shareholders are getting through to companies about reining in pay.","An Unstoppable Climb in C.E.O. Pay","SundayBusiness","3M"
"298",1,"2014-10-22T11:31:00+0000","Conceived at the World Wildlife Fund, the initiative uses bulk purchasing power to allow for discounts on home systems.","Home Solar Power Discounts Are Worker Perk in New Program","Business","3M"
"299",2,"2014-07-18T14:06:25+0000","From slur to solution for cheap and easy repairs.","Who Made That Scotch Tape?","Magazine","3M"
"300",3,"2014-03-19T22:44:12+0000","Diffa hosts its 17th annual Dining by Design gala with custom tablescapes.","A Benefit for All Tastes","Home","3M"
"301",4,"2014-01-08T10:00:07+0000","Temperatures that were 20 to 40 degrees below average were reported in the central parts of the country on Monday, and on the East Coast on Tuesday. How cold has it been where you live? How have you been handling it?","How Do You Handle the Cold?","","3M"
"302",5,"2014-06-25T04:00:00+0000","In this exclusive video, T tours “Hy-Fi,” a new structure in the Long Island City, Queens museum’s courtyard built with bricks comprised of shredded corn stalks and fungus.","Tour a New Building Made of Corn and Mushrooms at MoMA PS1","TDesign","3M"
"303",6,"2014-10-27T06:30:12+0000","Corrections appearing in print on Monday, October 27, 2014.","Corrections: October 27, 2014","Summary","3M"
"304",7,"2014-01-07T02:29:16+0000","A deep freeze not seen in decades swept through the center of the country, closing schools as well as some businesses as far south as Oklahoma.","Arctic Cold Blankets Midwest, Freezing Routines","National","3M"
"305",8,"2014-03-19T20:11:52+0000","As Asian cities deal with pollution, health professionals seek more research about devices’ effectiveness and better education for consumers.","Doctors Push Scrutiny for Smog Masks","Business","3M"
"306",9,"2014-06-12T11:03:06+0000","The financing round in the start-up, which offers cloud-based software on a subscription basis, is being led by Tiger Global Management and includes Google Capital and Accel Partners.","Freshdesk Raises $31 Million for Customer Support Software","Business","3M"
"307",10,"2014-02-27T23:07:29+0000","The possible combination comes as Patton Boggs is trying to navigate changes in the legal industry since the 2008 financial crisis.","Patton Boggs in Early Merger Talks With Squire Sanders","Business","3M"
"308",1,"2014-02-12T04:00:10+0000","Looking to reduce energy bills and environmental strains, operators of supercomputers are immersing them in cooling liquids.","Liquid-Cooled Supercomputers, to Trim the Power Bill","Business","3M"
"309",2,"2014-07-23T06:28:49+0000","The police in Yumen, Gansu Province, closed the city on Tuesday as a precaution after health officials said a man had died of pneumonic plague after having come in contact with a Himalayan marmot.","Town in Northwest China Sealed After Man Dies of Plague","Foreign","3M"
"310",3,"2014-12-31T02:04:03+0000","Mr. Sprenger won victories for minorities, older workers and women, including a landmark sexual harassment case on behalf of female miners, on which the film “North Country” was based.","Paul Sprenger, Lawyer Who Fought Discrimination, Dies at 74","National","3M"
"311",4,"2014-10-22T00:29:01+0000","Mr. Paulus’s warmly received musical output was prodigious, including 13 operas and some 400 choral works.","Stephen Paulus, Classical Composer Rich in Lyricism, Dies at 65","Culture","3M"
"312",5,"2014-04-24T09:51:46+0000","What you need to know to start your Thursday: Asian trade talks stall, new rules for e-cigs and the Internet, and an earnings parade.","Your Thursday Briefing","National","3M"
"313",6,"2014-01-02T00:39:38+0000","A legion of buyers, buoyed by a growing economy and a soaring stock market, are shedding whatever reluctance, or self-imposed restraint, they had during the recession by entering showrooms and leaving with trophy cars.","High Rollers in a Buying Mood","Business","3M"
"314",7,"2014-10-23T09:51:45+0000","Here’s what you need to know to start your day.","Your Thursday Briefing","National","3M"
"315",8,"2014-11-13T12:00:20+0000","Amy Sheng is a co-founder of CellScope, a smartphone attachment that allows parents to take videos of a child’s middle ear that can be sent to doctors for an ear-infection diagnosis.","When It Takes a Woman to Design Products for Women","Business","3M"
"316",9,"2014-10-22T22:07:05+0000","A move to fashionable high-tech clothing.","Cyclists Go Glam Into the Night","Styles","3M"
"317",10,"2014-02-28T12:47:09+0000","Mt. Gox, the troubled exchange for the virtual currency Bitcoin, filed for bankruptcy protection on Friday. | Jos. A. Bank rejected Men’s Wearhouse’s latest bid, but agreed to meet with its larger rival. | Ocwen Financial and its chairman are unde...","The Demise of Mt. Gox","Business","3M"
"318",1,"2014-10-22T22:07:05+0000","A move to fashionable high-tech clothing.","Cyclists Go Glam Into the Night","Styles","3M"
"319",2,"2014-05-26T09:50:54+0000","Status-symbol men's shoes are having their moment, with some high-end brands selling for more than $1,000.","From Humble Sneaker to Luxury Icon","Styles","3M"
"320",3,"2014-03-12T22:46:07+0000","How hard could it be to fix a little hole in the wall? Plenty hard, experts say. But it might be worth a try.","Is the Wall Cracked, or Am I?","Home","3M"
"321",4,"2014-10-04T22:42:09+0000","With Russia again seeking to exert its influence and much of Europe struggling to recover fully from the deep downturn of recent years, Poland has become a leading symbol of stability.","With Robust Economy, Poland Navigates Around Eastern Europe’s Strains","Foreign","3M"
"322",5,"2014-11-12T23:45:16+0000","With walls made of glass, the bathrooms in the penthouse apartments of new Manhattan towers leave little to the imagination. But only the birds will get an eyeful.","Leaving Shame on a Lower Floor","Home","3M"
"323",6,"2014-04-12T16:53:32+0000","The list of 100 of the highest-paid chief executives in American business from the Equilar 100 C.E.O. Pay Study for 2013.","The Pay at the Top","Business Day","3M"
"324",7,"2014-03-19T20:40:58+0000","Museums are preparing for the eventual passing of the baton from the baby boom generation, which has long been the lifeblood of giving and boardroom leadership.","Wooing a New Generation of Museum Patrons","Business","3M"
"325",1,"2015-12-10T09:00:22+0000","A report said the Shanghai authorities had seized 120,000 counterfeit surgical masks, the kind commonly worn to protect against polluted air.","Amid China’s Smog Worries, One More: Counterfeit Masks","Foreign","3M"
"326",2,"2015-02-23T13:38:04+0000","Asahi Kasei will buy the battery business and 3M will purchase the filtration operation in a deal with a $3.2 billion enterprise value.","Polypore Sells Industrial Businesses","Dealbook","3M"
"327",3,"2015-11-15T05:16:09+0000","The couple met while working at the San Francisco Museum of Modern Art.","Erica Gangsei, Benjamin Vilmain","Society","3M"
"328",4,"2015-09-07T21:03:29+0000","Ms. Little, who consulted for three decades for companies like 3M, General Mills and Coca-Cola, took inspiration from sources as varied as geishas, burglars and cheetahs.","Sara Little, Peripatetic Product Designer, Dies at 97","Business","3M"
"329",5,"2015-10-07T16:07:40+0000","Explaining the Russian military’s missile strike in Syria, fired from its warships in the Caspian Sea.","Russia’s Missiles: A Major New Weapon in Syria Conflict","Foreign","3M"
"330",6,"2015-10-08T19:34:41+0000","A look at the weapon used in the Russian military’s strike against targets in Syria, fired from warships in the Caspian Sea.","Russia’s Kalibr Cruise Missiles, a New Weapon in Syria Conflict","Foreign","3M"
"331",7,"2015-02-21T18:06:36+0000","As Nascar heads into Sunday’s season-opening Daytona 500, the question facing the sport is whether Hendrick Motorsports’ dominance has led to a competitive imbalance.","With Hendrick Motorsports Dominant, Sprint Cup Is Becoming a One-Team Race","Sports","3M"
"332",8,"2015-04-17T14:50:31+0000","Whether as volunteers or for profit, older adults are finding time to solve everyday problems.","More Older Adults Are Becoming Inventors","Business","3M"
"333",9,"2015-04-07T23:14:00+0000","Hewlett-Packard has decided it cannot compete with the likes of Amazon and Google for one of the hottest new businesses. Instead, on the eve of its split into two companies, HP is learning about collaborative technologies, and not just for its cus...","HP Comes to Terms With the Cloud","Business","3M"
"334",10,"2015-06-24T02:28:38+0000","Analysts said the transition was expected and came as the company is riding a wave of orders for more fuel-efficient planes to new highs in profit.","Boeing Names Next C.E.O., Affirming Its Heir Apparent","Business","3M"
"335",1,"2015-10-26T01:52:12+0000","Despite decades of public and private research and investment, the storage industry has struggled to take off, though there are signs that this may be changing.","Energy Storage Industry Gaining Momentum","Business","3M"
"336",2,"2015-04-23T18:28:42+0000","The question is how much the currency strength will reduce American exports, increase imports and prove a drag on overall growth in the United States.","In Battle Between Strong Dollar and Cheap Gas, the Strong Dollar Is Winning","Business","3M"
"337",3,"2015-02-08T17:51:01+0000","While the stethoscope remains useful, the dangers of Ebola have forced doctors to adapt their methods for obtaining the information it provides.","In Treating Ebola, Even Using a Stethoscope Becomes a Challenge","Science","3M"
"338",4,"2015-08-13T20:15:36+0000","Nerud saddled more than 1,000 winners, including 27 in stakes races, and named his greatest horse, Dr. Fager, after the neurosurgeon who saved his life.","John A. Nerud, Hall of Fame Thoroughbred Trainer, Dies at 102","Sports","3M"
"339",5,"2015-03-09T14:30:49+0000","The ability to sustain lower growth in costs will depend in large part on how investments in health care technology are encouraged.","In Forecasting Health Costs, Let Technology Be Your Guide","Upshot","3M"
"340",6,"2015-11-28T17:35:55+0000","The Closed Loop Fund, backed by nine major corporations, is making loans to local governments and companies to build recycling infrastructure.","Big Companies Put Their Money Where the Trash Is","SundayBusiness","3M"
"341",7,"2015-05-19T20:47:16+0000","Investment in basic research — the fundamental building block for innovation and economic advancement — has steadily declined as a share of the economy.","American Innovation Lies on Weak Foundation","Business","3M"
"342",8,"2015-08-20T12:00:04+0000","Leadership turnover is coming to America’s regional theaters, as the Guthrie and others see new faces in decision-making positions.","Minnesota Theaters Embrace New Leaders, and Others May Follow","Arts&Leisure","3M"
"343",9,"2015-11-06T20:10:09+0000","As noted in “Silicon City,” a coming New-York Historical Society exhibition, collaborations in the 1960s presaged a greater convergence today.","The Big Bang of Art and Tech in New York","Arts&Leisure","3M"
"344",10,"2015-12-28T21:45:11+0000","The Itasca Project, a private initiative in the Minneapolis-St. Paul area, is quietly shaping the region’s economic agenda while taking on thorny issues like discrimination and income inequality.","In the Twin Cities, Local Leaders Wield Influence Behind the Scenes","Business","3M"
"345",1,"2015-02-24T12:13:36+0000","The careers of Mary Jo White and her husband can create headaches for the S.E.C. | A ruling against American Express may not help consumers. | HSBC is facing battles on multiple fronts. | “Wall Street Week” is set to return.","Morning Agenda: Power Couple Ties Up S.E.C.","","3M"
"346",2,"2015-08-11T02:00:13+0000","Manufacturers look to crops as a way to create greener plastics","Sowing the Seeds","","3M"
"347",3,"2015-03-31T11:00:44+0000","How far will it take Northern Ireland's onetime child prodigy?","Rory McIlroy Has the Best Swing in Golf","Magazine","3M"
"348",4,"2015-02-04T10:45:38+0000","Mock applications at age 6, campus tours at 10. More and more elementary schools are introducing college awareness. Is it ever too early to plan for the future?","Is Your First Grader College Ready?","EdLife","3M"
"349",5,"2015-10-06T13:22:12+0000","The two fantasy sports websites are in the business of separating you from your money.","DraftKings and FanDuel Are Not Your Friends ","Upshot","3M"
"350",6,"2015-05-16T10:23:13+0000","Here are 200 of the highest-paid chief executives in American business.","Highest-Paid Chiefs in 2014","Business Day","3M"
"351",1,"2016-07-25T18:18:09+0000","The use of a firefighting foam, which contains chemicals associated with harmful health effects, may have contaminated supplies near many installations.","Tainted Water Near Colorado Bases Hints at Wider Safety Concerns","National","3M"
"352",2,"2016-03-25T13:59:48+0000","A company’s overall profit growth is unaffected by share buybacks, $6.6 billion since 2008 in Yahoo’s case.","In Yahoo, Another Example of the Buyback Mirage","SundayBusiness","3M"
"353",3,"2016-01-04T22:13:27+0000","The Virginia-based rapper favors John Elliott, By Walid and Rolex, not to mention his own Adidas line.","Checking Out Pusha T’s Closet","Styles","3M"
"354",4,"2016-05-23T20:42:32+0000","As Congress and President Obama argue over funds for combating the virus, donations of things like cash, condoms and mosquito repellent are being made.","Private Sector Is Helping Puerto Rico Fight Zika","Science","3M"
"355",5,"2016-10-28T19:51:07+0000","Step inside a Dalí painting or travel through the Garden of Eden on the back of a fish. Museums are enhancing technology to break down boundaries in the imagination.","Technology Invites a Deep Dive Into Art","Arts&Leisure","3M"
"356",6,"2016-12-10T15:23:18+0000","She was a little angry when he said he was too ill to meet her after landing. But he really was ailing.","Janna Miksis and Jason Canavan: He Wasn’t Just Playing Sick. Fortunately.","Society","3M"
"357",7,"2016-01-06T12:00:06+0000","Rob Bilott was a corporate defense attorney for eight years. Then he took on an environmental suit that would upend his entire career — and expose a brazen, decades-long history of chemical pollution.","The Lawyer Who Became DuPont’s Worst Nightmare","Magazine","3M"
"358",8,"2016-08-12T02:00:10+0000","Kelly Clark steps up with her first themeless crossword puzzle.","Full of Butterflies","Games","3M"
"359",9,"2016-08-11T16:59:27+0000","Here is a breakdown of all the medals awarded and the athletes who have competed at each Olympics, starting with the 1896 Games in Athens. The schedule for the Games in Rio de Janeiro and all the medal winners there are also listed.","Rio Olympics Results 2016","Sports","3M"
"360",10,"2016-04-30T14:31:59+0000","Mr. Belli’s Weather King, so named because it was impervious to humid conditions, largely replaced animal hides and helped feed rock ’n’ roll fever.","Remo Belli, Who Developed Synthetic Drumhead and Changed Music, Dies at 88","Business","3M"
"361",1,"2016-01-27T15:05:26+0000","Invisible Sentinel says its food testing technology offers a faster, easier and cheaper way to test for pathogens and spoilage in foods.","Food Testing Start-Up Looks to Stand Out With a New Wrinkle","Business","3M"
"362",2,"2016-12-08T00:01:03+0000","Initially aiming to pressure companies like Ford and Carrier to keep factory jobs at home instead of moving them to Mexico, Mr. Trump has increased the stakes.","Wary Corporate Chiefs Keep an Ear Tuned to Trump’s Messages","National","3M"
"363",3,"2016-09-16T16:57:43+0000","Ms. Dwan either represented, collected or sold the work of a cluster of important midcentury artists, almost all of them men.","Virginia Dwan, a Jet Age Medici, Gets Her Due","Arts&Leisure","3M"
"364",4,"2016-02-13T18:30:58+0000","The design firm Ideo, which helped design the computer mouse, has been enlisted by Ford to shadow commuters and see how they get where they’re going: by car, bus, foot or Uber.","The Commute of the Future? Ford Is Working on It","SundayBusiness","3M"
"365",5,"2016-05-27T15:00:50+0000","Here are 200 of the highest-paid chief executives in American business.","Meet the Highest-Paid C.E.O.s in 2015","Business Day","3M"
"366",6,"2016-02-26T18:56:06+0000","An all-white group of Oscar-nominated actors set off protests, but the most powerful Americans in business, culture and politics are overwhelmingly white.","The Faces of American Power, Nearly as White as the Oscar Nominees","U.S.","3M"
"367",1,"2017-05-05T19:53:34+0000","The call by the investor activist for a spinoff of the conglomerate’s aerospace unit ignores the benefits the unit brings to Honeywell.","Daniel Loeb’s Pitch for Honeywell May Go Too Far","Business","3M"
"368",2,"2017-11-24T23:00:37+0000","Waste from a shoe factory has tainted groundwater in a Grand Rapids suburb. Some residents are skeptical of Michigan officials, who botched the response in Flint.","Miles From Flint, Residents Turn Off Taps in New Water Crisis","National","3M"
"369",3,"2017-08-17T08:54:27+0000","Mr. Corden said: “Forget creating new manufacturing jobs in this country. Trump can’t even manufacture manufacturing councils.”","James Corden Jabs Trump for Disbanding His Business Councils","Culture","3M"
"370",4,"2017-08-16T23:33:13+0000","A growing chorus of executives on the President Trump’s business advisory councils have distanced themselves from the president. Here’s what they had to say.","What Executives Rebuking Trump’s Response to Charlottesville Are Saying","Business","3M"
"371",5,"2017-08-15T17:23:32+0000","There was a mass exodus of executives from presidential advisory councils as they opposed stances taken by President Trump.","The Business Leaders Who Were on Trump’s Advisory Councils","Business Day","3M"
"372",6,"2017-08-22T09:00:34+0000","Republican lawmakers and other leaders have distanced themselves from President Trump since his comments on the white nationalist rally in Charlottesville.","The People in Trump’s Orbit Who Rebuked Him After Charlottesville","U.S.","3M"
"373",7,"2017-01-06T16:22:19+0000","President-elect Donald J. Trump made the comments after Republicans in Congress started discussing ways to include money for the barrier in spending bills.","<div>Trump Insists Mexico Will Pay for Wall After U.S. Begins the Work</div>","National","3M"
"374",8,"2017-08-12T11:00:29+0000","The Dow and the S.&P. 500 have diverged since November, when the Dow began to surge ahead. Blame the gap on Boeing, Apple and Charles Dow.","Why the Dow Isn’t Really the Stock Market","SundayBusiness","3M"
"375",9,"2017-01-06T18:17:37+0000","A Minneapolis entrepreneur had help from the community as she sought to make hijabs that girls could wear on the playing field.","Putting Faith and Sports on the Same Team","SundayBusiness","3M"
"376",10,"2017-11-22T10:00:31+0000","These six men are members of an exclusive group: They played only one N.F.L. game. They are proud of the distinction — and sometimes haunted by it. ","One Game to Remember. Just One.","Sports","3M"
"377",1,"2017-08-16T15:14:06+0000","The decision to lend their credibility to the president became too hard to justify.","Business Leaders Finally Walk Away From Mr. Trump","Opinion","3M"
"378",2,"2017-08-06T03:00:05+0000","It will be at least another week before Neymar starts playing in matches and earning P.S.G. back some of the $262 million it spent to acquire him from Barcelona.","Neymar Watches as P.S.G. Wins Its Opener","Sports","3M"
"379",3,"2017-08-20T23:12:18+0000","The ban on anchoring a putter has forced players to adapt, and it has also led to complaints about the putting technique of the circuit’s top players.","Continued Use of Long Putter Raises Concerns on the Senior Tour","Sports","3M"
"380",4,"2017-01-24T02:10:17+0000","President Trump told corporate leaders that they could face tariffs if they don’t bring back manufacturing jobs, but he is fighting against larger market forces.","Call to Create Jobs, or Else, Tests Trump’s Sway","Business","3M"
"381",5,"2017-06-02T15:22:32+0000","Many business executives have advocated for policies to address climate change. Now that President Trump has decided to withdraw from the Paris climate agreement, they ought to stand up.","Why Are These CEOs Still Standing With Trump on Climate?","Opinion","3M"
"382",6,"2017-08-16T16:23:56+0000","The president announced that he would dissolve two councils of business leaders after a decision by the members of his Strategic and Policy Forum to disband.","Inside the C.E.O. Rebellion Against Trump’s Advisory Councils","Business","3M"
"383",7,"2017-01-07T19:30:04+0000","Many companies don’t know that their ads are appearing next to abhorrent content. Tell them.","How to Destroy the Business Model of Breitbart and Fake News","OpEd","3M"
"384",8,"2017-10-10T09:00:25+0000","While companies in the United States are the ones that make headlines because of gender issues, women say the problems exist elsewhere as well.","Careers for Women in Technology Companies Are a Global Challenge","SpecialSections","3M"
"385",9,"2017-09-26T12:53:36+0000","Would I be an outsider in a country that had banned travelers from Muslim nations and was shutting its doors to immigrants? I hit the road to find out.","A Muslim American’s Homecoming: Cowboys, Country Music, Chapatis","Travel","3M"
"386",10,"2017-10-07T09:00:40+0000","Even as job markets are tight in many major economies, low unemployment is failing to spur robust increases in wages, leaving workers angry.","Global Economy’s Stubborn Reality: Plenty of Work, Not Enough Pay","SundayBusiness","3M"
